Date,Canada,Chile,Mexico,Taiwan China,Hong Kong China,Japan,South Korea,Macao China,Maldives,Cambodia,Indonesia,Singapore,New Zealand,USA,Thailand,Turkey,Australia,Hawaii,Austria,Czech
2023M08,24100.239614559203,1364.3558514349772,12184.708244252995,31415.893202788448,3265561.068347771,351299.34630205826,266629.75120734936,1319770.6592904294,31693.56303348875,48458.272698979206,89955.29473529661,288132.27262955654,17156.643812388098,154013.70362848748,433683.3119485982,24894.193367204894,72234.93465531412,1087.255625392536,21235.13012122433,22318.354014630993
2023M09,24327.45482295339,1389.3743540828846,10638.03122619617,32912.55661141612,3411837.541182613,381762.2387694833,281464.3804263314,1232960.7347951669,34361.46944527156,50673.25954886842,88323.31495952068,319058.9495058112,18258.48896145784,122769.8411182629,438396.61153144704,24838.281552797816,73960.06789801731,1002.08598170548,20854.71375506336,22561.04737191774
2023M10,25857.012718677313,1312.5981586187659,11090.043869007497,32954.98651529355,3507841.5664185695,395795.9288392014,283471.2677600446,1234181.8798828544,36968.44262427906,54517.813051030425,87753.31241898933,336980.58335282956,18903.134776342482,113326.67643987,445443.56549346814,24781.66421123241,72904.78131164497,869.0340131359033,21498.030711818727,22755.177680324297
2023M11,25127.821768499154,1266.822421352186,13355.151639980815,34321.824183305514,3485184.694004545,395260.17102928204,286881.6544593454,1296562.8255915013,39467.992465161995,56360.247547643085,86625.67451318647,346995.112922696,19432.271064884546,112708.69376454216,449063.5087588193,24676.462514411018,74124.92267629731,1010.7214139031277,20720.446128356885,23224.751185056368
2023M12,26021.311092265994,1207.8817265233981,17014.580272641786,35718.94475651603,3463751.019032243,422425.4493513643,290031.05082145263,1290880.5253116142,41930.94689621995,58449.10852226746,83901.47794873556,358034.54643540154,20558.011626043106,131323.96699109196,479283.928137475,25076.9614150599,75465.02208990241,1297.5437355444772,23192.233237454988,23722.282017513546
2024M01,26032.179586938044,1300.0823504227747,13321.902717286173,37796.66555733486,3103536.5660806773,418134.64908993023,288839.6063593729,1150357.6946462647,44291.9084276799,68764.46692593065,84525.00378745621,373444.26894512185,20676.222379861923,144650.98862876676,525000.8720631462,24839.196353076626,75710.46535895558,1096.9605160600308,20945.868526546554,23309.38318000884
2024M02,25560.192549099454,1264.6254638634614,12712.042794072759,37684.99742168137,2789245.706831478,427002.21463416377,299692.7579822785,1149054.4237636493,46396.5890561686,92239.96385393995,82494.88154751869,382737.87567570404,20325.806310617547,123506.01707200133,575001.0327514596,24833.528049534292,79389.04012293935,822.9999510063094,21019.684318984782,22938.691891076556
2024M03,26345.847341070268,1175.4993578525805,15406.100761402227,38226.74008158203,2667731.484525351,473820.9815661814,308270.7070004506,1123236.3534537023,48473.91859849159,91451.22587137103,79811.37439414178,405139.67871794495,21516.603581957363,147909.15438354114,632194.1969968821,25323.46224389503,77881.35969134889,1085.6428841072698,23302.8733727397,24208.847983161355
2024M04,26711.50068720311,1184.3208594116165,14044.180046008305,39471.58641126404,2635383.844365993,498362.9540526247,315123.5192864933,1110210.537139025,50423.282762115494,90216.46380141676,79746.86221196486,422240.0395737991,22607.3882969312,181185.16537066636,654003.4449917309,25621.24895418421,78527.54836478202,909.0984266048591,25902.65995625865,24532.937949288887
2024M05,28252.732978340748,1226.1207597345604,14092.749392638432,39106.54921831904,2637646.26008954,513833.8622735188,318728.73510085687,1103006.917371626,52186.238486220725,84927.19326373923,78767.60761648067,424605.82895355305,21946.671664521975,162496.87623328235,638419.1832787353,25695.737148466367,78553.31102768681,1147.120534553512,26687.33436408259,24598.60013758209
2024M06,29310.351327608812,1214.5870516021753,13841.671395242507,39516.456898470125,2649936.1796573433,546623.5077197968,323920.3154609211,1105377.186140533,53820.98116413717,82411.10021929239,78926.58612066663,432097.1772137873,21985.540882355795,161673.5930860114,648206.8775919969,25930.191194780986,79098.98563468156,1056.6072854801582,28615.61780769625,25111.183259705318
2024M07,29863.598842996707,1202.5365565214568,13760.349533619994,41791.88628427169,2583870.8649829933,578912.7108677011,329591.3608021813,1073047.3371358272,55391.22033601171,89566.35769145719,76966.10363383962,464933.7862921897,23476.822919621405,176640.4176486321,679598.7540980468,26077.41064460595,81936.79662625316,1048.3676072709814,29361.07008386513,25681.999391067286
